box_type,mean_size,median_size,truncation_rate
vbox,41836.6811571946,3915.0,0.04662423125533973
fbox,64620.7284010111,6258.0,0.13724960636036915
hbox,6617.356298587134,660.0,0.036190133237306445
